{
  "dataset": "working_copy.csv",
  "target_column": "MeanTemp",
  "total_rows": 75305,
  "numeric_columns": 9,
  "rows_used_for_correlation": 75305,
  "correlations": {
    "MinTemp": 0.9668896924495922,
    "STA": 0.13042866981940487,
    "Precip": 0.0768587216109007,
    "MO": 0.06316787988963868,
    "Longitude": 0.027657872647681162,
    "ELEV": -0.1300977161091319,
    "Snowfall": -0.3625823362706301,
    "Latitude": -0.5774019096947783
  },
  "top_positive": {
    "MinTemp": 0.9668896924495922,
    "STA": 0.13042866981940487,
    "Precip": 0.0768587216109007,
    "MO": 0.06316787988963868,
    "Longitude": 0.027657872647681162
  },
  "top_negative": {
    "MO": 0.06316787988963868,
    "Longitude": 0.027657872647681162,
    "ELEV": -0.1300977161091319,
    "Snowfall": -0.3625823362706301,
    "Latitude": -0.5774019096947783
  },
  "multicollinearity": {
    "threshold": 0.8,
    "pairs": [
      {
        "col1": "MinTemp",
        "col2": "MeanTemp",
        "correlation": 0.9668896924495922
      }
    ]
  }
}