{
  "features": [
    "MaxTemp",
    "MinTemp",
    "Latitude",
    "Snowfall",
    "Precip",
    "Longitude",
    "MO",
    "ELEV",
    "STA"
  ],
  "coefficients": [
    0.5136897462304587,
    0.48971497936584135,
    0.0019418852821045112,
    0.0016784512296407982,
    0.001116438861764548,
    -0.0002479446945030221,
    6.400528030520955e-05,
    3.642143674437361e-06,
    -5.885305411596206e-07
  ],
  "importance": [
    0.5136897462304587,
    0.48971497936584135,
    0.0019418852821045112,
    0.0016784512296407982,
    0.001116438861764548,
    0.0002479446945030221,
    6.400528030520955e-05,
    3.642143674437361e-06,
    5.885305411596206e-07
  ]
}