{
  "train_sizes": [
    5878.3,
    11756.6,
    17634.9,
    23513.2,
    29391.5,
    35269.799999999996,
    41148.100000000006,
    47026.4,
    52904.700000000004,
    58783.0
  ],
  "train_mse": [
    0.059130791648869356,
    0.168856000556658,
    0.23469898123093585,
    0.21413977862873473,
    0.18790425853998896,
    0.16632535150905298,
    0.15176700856602116,
    0.1444972996364102,
    0.20144967923090254,
    0.19499238100173208
  ],
  "val_mse": [
    0.38406280000144866,
    1.5646535462402176,
    1.326220488348939,
    0.5231792350991389,
    0.7154152070862664,
    0.33442868963829886,
    0.32725817726315065,
    0.3261888005704909,
    0.33792021293832547,
    0.3356146148638308
  ]
}