{
  "train_sizes": [
    5878.3,
    11756.6,
    17634.9,
    23513.2,
    29391.5,
    35269.799999999996,
    41148.100000000006,
    47026.4,
    52904.700000000004,
    58783.0
  ],
  "train_mse": [
    0.059143615074157996,
    0.16891658848919344,
    0.23472802690214048,
    0.21416085734737417,
    0.1879522091125474,
    0.16634303479298146,
    0.15178588434449758,
    0.14451685165511188,
    0.20146780726049018,
    0.19500704578513378
  ],
  "val_mse": [
    0.42742253532863755,
    4.149012398064831,
    0.8171244685058142,
    0.3679065398483157,
    0.7169957867551023,
    0.3352958387235729,
    0.3273643705975615,
    0.32625860652895344,
    0.3376161805744854,
    0.3353895254436643
  ]
}