{
  "features": [
    "MaxTemp",
    "MinTemp",
    "Latitude",
    "Snowfall",
    "Precip",
    "Longitude",
    "ELEV",
    "STA",
    "MO"
  ],
  "coefficients": [
    0.5135901024453569,
    0.489575272112491,
    0.001842858521411535,
    0.0011792298667245966,
    0.0010674805374773775,
    -0.00024329748106694673,
    2.053027760327457e-06,
    -5.911944417489929e-07,
    0.0
  ],
  "importance": [
    0.5135901024453569,
    0.489575272112491,
    0.001842858521411535,
    0.0011792298667245966,
    0.0010674805374773775,
    0.00024329748106694673,
    2.053027760327457e-06,
    5.911944417489929e-07,
    0.0
  ]
}