{
  "features": [
    "MaxTemp",
    "MinTemp",
    "Snowfall",
    "Latitude",
    "Precip",
    "MO",
    "Longitude",
    "ELEV",
    "STA"
  ],
  "coefficients": [
    0.5138716413164196,
    0.48992505203788855,
    0.0022619092723863807,
    0.00210642742051515,
    0.0011627804126842112,
    0.0004438638514439813,
    -0.00025458880119416845,
    6.115934586818818e-06,
    -5.96674248054782e-07
  ],
  "importance": [
    0.5138716413164196,
    0.48992505203788855,
    0.0022619092723863807,
    0.00210642742051515,
    0.0011627804126842112,
    0.0004438638514439813,
    0.00025458880119416845,
    6.115934586818818e-06,
    5.96674248054782e-07
  ]
}