{
  "train_sizes": [
    5878.3,
    11756.6,
    17634.9,
    23513.2,
    29391.5,
    35269.799999999996,
    41148.100000000006,
    47026.4,
    52904.700000000004,
    58783.0
  ],
  "train_mse": [
    0.05910766068937665,
    0.1688301286910049,
    0.2346858259925884,
    0.21413014598020913,
    0.18787826613089112,
    0.16631694272128594,
    0.15175795322125304,
    0.1444881351438389,
    0.20144056325545576,
    0.19498353525004317
  ],
  "val_mse": [
    55.92818490647142,
    0.5117020492970915,
    1.9951882988236609,
    0.8366298864503138,
    0.43541687010140157,
    0.3329728791534741,
    0.32705807391097486,
    0.32606745416307353,
    0.3385411344956073,
    0.3360599448993275
  ]
}