{
  "model_name": "elastic",
  "params": {
    "alpha": 0.01,
    "l1_ratio": 0.5,
    "fit_intercept": true,
    "positive": false,
    "max_iter": 1000,
    "tol": 0.0001,
    "selection": "cyclic"
  },
  "train": {
    "mse": 33.366682090253285,
    "rmse": 5.776390056969256,
    "mae": 4.015103314387664,
    "median_ae": 2.9153219959227314,
    "max_error": 46.51970255819667,
    "mape": 65112939350784.26,
    "r2": 0.6707413195779816,
    "explained_variance": 0.6707413195779817,
    "residuals_mean": 2.1396805492864757e-15,
    "residuals_std": 5.776390056969255,
    "residuals_skew": -1.4548280397450324
  },
  "val": {
    "mse": 149.65933307235326,
    "rmse": 12.233533139381823,
    "mae": 10.70622598064225,
    "median_ae": 10.299285827507019,
    "max_error": 63.06536059105833,
    "mape": 104183323211519.25,
    "r2": -1.4409560975708477,
    "explained_variance": -0.15410201481548746,
    "residuals_mean": -8.88252770937245,
    "residuals_std": 8.41189839243104,
    "residuals_skew": 0.5531591329926914,
    "r2_adj": -1.4426733531168776
  },
  "test": {
    "mse": 747.1287768583911,
    "rmse": 27.33365648533674,
    "mae": 26.43250269337836,
    "median_ae": 24.9076995464403,
    "max_error": 73.59468165891424,
    "mape": 1.196936776032243,
    "r2": -35.938498139382155,
    "explained_variance": -1.3954753015453836,
    "residuals_mean": -26.43250269337836,
    "residuals_std": 6.960716789450425,
    "residuals_skew": -0.8899076676530863,
    "r2_adj": -35.99049280798776
  },
  "coefficients": {
    "intercept": 30.70215050814757,
    "coef": [
      0.00010453011877494808,
      -0.021838011385857548,
      -0.3440535300194247,
      0.20192775394682227,
      -0.006010277004565931,
      -0.4572880319535648,
      0.01713453831782232
    ]
  },
  "feature_names": [
    "STA",
    "Precip",
    "Snowfall",
    "MO",
    "ELEV",
    "Latitude",
    "Longitude"
  ],
  "n_features": 7,
  "n_samples": {
    "train": 34855,
    "val": 9958,
    "test": 4981
  }
}