{
  "model_name": "elastic",
  "params": {
    "alpha": 0.01,
    "l1_ratio": 0.5,
    "fit_intercept": true,
    "positive": false,
    "max_iter": 1000,
    "tol": 0.0001,
    "selection": "cyclic"
  },
  "train": {
    "mse": 0.19499238100173208,
    "rmse": 0.44157941641536247,
    "mae": 0.1768425563973051,
    "median_ae": 0.1624123036913545,
    "max_error": 23.423969422993377,
    "mape": 1756777260260.6401,
    "r2": 0.9975564730781266,
    "explained_variance": 0.9975564730781266,
    "residuals_mean": 2.716798824310432e-15,
    "residuals_std": 0.44157941641536247,
    "residuals_skew": -25.85037061258947
  },
  "val": {
    "mse": 0.3356146148638308,
    "rmse": 0.5793225482093984,
    "mae": 0.19993891864809074,
    "median_ae": 0.14882564654614328,
    "max_error": 44.08685766382399,
    "mape": 1501677589057.0837,
    "r2": 0.994646572959546,
    "explained_variance": 0.9946741782999866,
    "residuals_mean": 0.041600738649128804,
    "residuals_std": 0.5778269580139695,
    "residuals_skew": -42.22037937505857,
    "r2_adj": 0.994643702489283
  },
  "test": {
    "mse": 0.3741016403125267,
    "rmse": 0.6116384882530911,
    "mae": 0.22928582271603243,
    "median_ae": 0.16478192969223215,
    "max_error": 45.08529763595159,
    "mape": 0.01008594773980485,
    "r2": 0.9823302661011524,
    "explained_variance": 0.9832858117859499,
    "residuals_mean": 0.14223468962292193,
    "residuals_std": 0.5948705181637411,
    "residuals_skew": -57.31375646735043,
    "r2_adj": 0.9823113071592008
  },
  "coefficients": {
    "intercept": -0.24057038765902305,
    "coef": [
      -5.885305411596206e-07,
      0.001116438861764548,
      0.5136897462304587,
      0.48971497936584135,
      0.0016784512296407982,
      6.400528030520955e-05,
      3.642143674437361e-06,
      0.0019418852821045112,
      -0.0002479446945030221
    ]
  },
  "feature_names": [
    "STA",
    "Precip",
    "MaxTemp",
    "MinTemp",
    "Snowfall",
    "MO",
    "ELEV",
    "Latitude",
    "Longitude"
  ],
  "n_features": 9,
  "n_samples": {
    "train": 58783,
    "val": 16795,
    "test": 8398
  }
}