{
  "model_name": "elastic",
  "params": {
    "alpha": 0.01,
    "l1_ratio": 0.5,
    "fit_intercept": true,
    "positive": false,
    "max_iter": 1000,
    "tol": 0.0001,
    "selection": "cyclic"
  },
  "train": {
    "mse": 4.115913715898652,
    "rmse": 2.0287714794669833,
    "mae": 1.48496420959925,
    "median_ae": 1.2236143330037734,
    "max_error": 49.0170087422027,
    "mape": 16481738188090.2,
    "r2": 0.9511477991433961,
    "explained_variance": 0.9511477991433961,
    "residuals_mean": -2.1049523574127303e-15,
    "residuals_std": 2.0287714794669833,
    "residuals_skew": -2.3697208588192704
  },
  "val": {
    "mse": 8.000793758858102,
    "rmse": 2.828567439333576,
    "mae": 2.4171083751173774,
    "median_ae": 2.3659221149878134,
    "max_error": 46.65493811694793,
    "mape": 19435018802202.13,
    "r2": 0.8758503346885022,
    "explained_variance": 0.9108283108713796,
    "residuals_mean": -1.5013816377653297,
    "residuals_std": 2.3972164976570633,
    "residuals_skew": 0.36954349371655737,
    "r2_adj": 0.8757843502796201
  },
  "test": {
    "mse": 19.486283434858294,
    "rmse": 4.414327064781029,
    "mae": 4.021746914880612,
    "median_ae": 4.26219131706949,
    "max_error": 50.8927341465348,
    "mape": 0.17087608049886982,
    "r2": 0.10498999731805525,
    "explained_variance": 0.826286760865876,
    "residuals_mean": -3.9628492784436666,
    "residuals_std": 1.9447645181864057,
    "residuals_skew": -1.295846534314481,
    "r2_adj": 0.10403811217827119
  },
  "coefficients": {
    "intercept": 6.335442299243507,
    "coef": [
      2.9996116744359733e-05,
      -0.02776568335569811,
      0.9485758060652975,
      -0.04669459925170095,
      -0.04320591059537145,
      0.0007656786951125905,
      -0.03349554311009369,
      0.0067962809294471824
    ]
  },
  "feature_names": [
    "STA",
    "Precip",
    "MinTemp",
    "Snowfall",
    "MO",
    "ELEV",
    "Latitude",
    "Longitude"
  ],
  "n_features": 8,
  "n_samples": {
    "train": 52713,
    "val": 15061,
    "test": 7531
  }
}