{
  "model_name": "lasso",
  "params": {
    "alpha": 0.01,
    "fit_intercept": true,
    "positive": false,
    "max_iter": 1000,
    "tol": 0.0001,
    "selection": "cyclic"
  },
  "train": {
    "mse": 0.19500704578513378,
    "rmse": 0.4415960210250244,
    "mae": 0.17668474030194997,
    "median_ae": 0.1630179074168936,
    "max_error": 23.428685797662197,
    "mape": 1750872657062.5024,
    "r2": 0.9975562893079051,
    "explained_variance": 0.9975562893079051,
    "residuals_mean": 2.744358449330132e-15,
    "residuals_std": 0.4415960210250244,
    "residuals_skew": -25.86952919118299
  },
  "val": {
    "mse": 0.3353895254436643,
    "rmse": 0.579128246111053,
    "mae": 0.199132051066068,
    "median_ae": 0.1488862996653495,
    "max_error": 44.088658047405076,
    "mape": 1495038723225.9705,
    "r2": 0.9946501633865866,
    "explained_variance": 0.9946762255475528,
    "residuals_mean": 0.040421246268817865,
    "residuals_std": 0.5777158889053857,
    "residuals_skew": -42.25724125475593,
    "r2_adj": 0.9946472948414856
  },
  "test": {
    "mse": 0.372799769014801,
    "rmse": 0.6105733117446266,
    "mae": 0.22687446496202596,
    "median_ae": 0.16178755942683054,
    "max_error": 45.0888527587683,
    "mape": 0.009972692675314886,
    "r2": 0.9823917566612637,
    "explained_variance": 0.9832850907092613,
    "residuals_mean": 0.13752661225731946,
    "residuals_std": 0.5948833498559409,
    "residuals_skew": -57.311163561324754,
    "r2_adj": 0.9823728636963079
  },
  "coefficients": {
    "intercept": -0.2318680237707973,
    "coef": [
      -5.911944417489929e-07,
      0.0010674805374773775,
      0.5135901024453569,
      0.489575272112491,
      0.0011792298667245966,
      0.0,
      2.053027760327457e-06,
      0.001842858521411535,
      -0.00024329748106694673
    ]
  },
  "feature_names": [
    "STA",
    "Precip",
    "MaxTemp",
    "MinTemp",
    "Snowfall",
    "MO",
    "ELEV",
    "Latitude",
    "Longitude"
  ],
  "n_features": 9,
  "n_samples": {
    "train": 58783,
    "val": 16795,
    "test": 8398
  }
}