{
  "model_name": "lasso",
  "params": {
    "alpha": 0.01,
    "fit_intercept": true,
    "positive": false,
    "max_iter": 1000,
    "tol": 0.0001,
    "selection": "cyclic"
  },
  "train": {
    "mse": 4.115925463765126,
    "rmse": 2.028774374780282,
    "mae": 1.484996670303686,
    "median_ae": 1.223782531458049,
    "max_error": 49.01706000028426,
    "mape": 16483161176063.209,
    "r2": 0.9511476597067674,
    "explained_variance": 0.9511476597067674,
    "residuals_mean": -6.418379319324062e-15,
    "residuals_std": 2.0287743747802827,
    "residuals_skew": -2.3694137922478498
  },
  "val": {
    "mse": 8.000596518714119,
    "rmse": 2.828532573387501,
    "mae": 2.417110293197024,
    "median_ae": 2.3651188220131125,
    "max_error": 46.65404759090556,
    "mape": 19427437166059.285,
    "r2": 0.8758533952970617,
    "explained_variance": 0.9108344345268767,
    "residuals_mean": -1.5014473748698436,
    "residuals_std": 2.3971341846485306,
    "residuals_skew": 0.3694308335363361,
    "r2_adj": 0.8757874125148651
  },
  "test": {
    "mse": 19.48329582587687,
    "rmse": 4.413988652667434,
    "mae": 4.021351544943631,
    "median_ae": 4.262513210930013,
    "max_error": 50.89490411042011,
    "mape": 0.1708550284459326,
    "r2": 0.10512721896585764,
    "explained_variance": 0.8262498245518164,
    "residuals_mean": -3.9623708322246447,
    "residuals_std": 1.9449712629785165,
    "residuals_skew": -1.2953943802124515,
    "r2_adj": 0.10417547976773567
  },
  "coefficients": {
    "intercept": 6.32947413856003,
    "coef": [
      3.002023590600628e-05,
      -0.02773468976137044,
      0.948659059044794,
      -0.04629481534688112,
      -0.042789584602903635,
      0.0007664326755300214,
      -0.03346425541940371,
      0.006793992162009292
    ]
  },
  "feature_names": [
    "STA",
    "Precip",
    "MinTemp",
    "Snowfall",
    "MO",
    "ELEV",
    "Latitude",
    "Longitude"
  ],
  "n_features": 8,
  "n_samples": {
    "train": 52713,
    "val": 15061,
    "test": 7531
  }
}