{
  "model_name": "lasso",
  "params": {
    "alpha": 0.01,
    "fit_intercept": true,
    "positive": false,
    "max_iter": 1000,
    "tol": 0.0001,
    "selection": "cyclic"
  },
  "train": {
    "mse": 33.366690675937505,
    "rmse": 5.776390800139608,
    "mae": 4.015028913298015,
    "median_ae": 2.916032767178379,
    "max_error": 46.51757062802541,
    "mape": 65094200395020.36,
    "r2": 0.6707412348554116,
    "explained_variance": 0.6707412348554116,
    "residuals_mean": 8.610909527616305e-16,
    "residuals_std": 5.776390800139608,
    "residuals_skew": -1.454984262219744
  },
  "val": {
    "mse": 149.66727582749914,
    "rmse": 12.233857765541462,
    "mae": 10.706552202895056,
    "median_ae": 10.300298691565557,
    "max_error": 63.06672694557,
    "mape": 104184031112441.66,
    "r2": -1.4410856445640543,
    "explained_variance": -0.15416266395532463,
    "residuals_mean": -8.882765490372128,
    "residuals_std": 8.41211941608969,
    "residuals_skew": 0.553227763412011,
    "r2_adj": -1.4428029912486724
  },
  "test": {
    "mse": 747.1503258303926,
    "rmse": 27.33405066634641,
    "mae": 26.433007438112018,
    "median_ae": 24.90988033727809,
    "max_error": 73.5946869568422,
    "mape": 1.196956373752288,
    "r2": -35.93956353357769,
    "explained_variance": -1.395221443036446,
    "residuals_mean": -26.433007438112018,
    "residuals_std": 6.960347951583108,
    "residuals_skew": -0.8900021711476368,
    "r2_adj": -35.991559701833275
  },
  "coefficients": {
    "intercept": 30.703980914639867,
    "coef": [
      0.0001045407291394422,
      -0.021802392389502896,
      -0.34390880700773163,
      0.20157662374120272,
      -0.0060101266926862445,
      -0.45728942002016904,
      0.0171326737144275
    ]
  },
  "feature_names": [
    "STA",
    "Precip",
    "Snowfall",
    "MO",
    "ELEV",
    "Latitude",
    "Longitude"
  ],
  "n_features": 7,
  "n_samples": {
    "train": 34855,
    "val": 9958,
    "test": 4981
  }
}