{
  "models_trained": [
    "ridge",
    "lasso",
    "elastic"
  ],
  "best_by_rmse": "ridge",
  "best_by_r2": "ridge",
  "results": {
    "ridge": {
      "val_rmse": 12.233228678784972,
      "val_r2": -1.4408346010752653,
      "test_rmse": 27.33328365530017,
      "test_r2": -35.937490466830475
    },
    "lasso": {
      "val_rmse": 12.233857765541462,
      "val_r2": -1.4410856445640543,
      "test_rmse": 27.33405066634641,
      "test_r2": -35.93956353357769
    },
    "elastic": {
      "val_rmse": 12.233533139381823,
      "val_r2": -1.4409560975708477,
      "test_rmse": 27.33365648533674,
      "test_r2": -35.938498139382155
    }
  }
}