{
  "models_trained": [
    "ridge",
    "lasso",
    "elastic"
  ],
  "best_by_rmse": "lasso",
  "best_by_r2": "lasso",
  "results": {
    "ridge": {
      "val_rmse": 0.5797067749296427,
      "val_r2": 0.9946394694493043,
      "test_rmse": 0.6136427557767897,
      "test_r2": 0.9822142730769097
    },
    "lasso": {
      "val_rmse": 0.579128246111053,
      "val_r2": 0.9946501633865866,
      "test_rmse": 0.6105733117446266,
      "test_r2": 0.9823917566612637
    },
    "elastic": {
      "val_rmse": 0.5793225482093984,
      "val_r2": 0.994646572959546,
      "test_rmse": 0.6116384882530911,
      "test_r2": 0.9823302661011524
    }
  }
}