{
  "models_trained": [
    "ridge",
    "lasso",
    "elastic"
  ],
  "best_by_rmse": "ridge",
  "best_by_r2": "ridge",
  "results": {
    "ridge": {
      "val_rmse": 2.8263004306623873,
      "val_r2": 0.8760492591177559,
      "test_rmse": 4.408369025791758,
      "test_r2": 0.10740436569618883
    },
    "lasso": {
      "val_rmse": 2.828532573387501,
      "val_r2": 0.8758533952970617,
      "test_rmse": 4.413988652667434,
      "test_r2": 0.10512721896585764
    },
    "elastic": {
      "val_rmse": 2.828567439333576,
      "val_r2": 0.8758503346885022,
      "test_rmse": 4.414327064781029,
      "test_r2": 0.10498999731805525
    }
  }
}