{
  "model_name": "ridge",
  "params": {
    "alpha": 1.0,
    "fit_intercept": true,
    "positive": false,
    "max_iter": 1000,
    "tol": 0.0001,
    "solver": "auto"
  },
  "train": {
    "mse": 33.36667674004178,
    "rmse": 5.7763895938589345,
    "mae": 4.015211974982181,
    "median_ae": 2.915443803308694,
    "max_error": 46.52287683080196,
    "mape": 65146926979908.05,
    "r2": 0.6707413723732693,
    "explained_variance": 0.6707413723732694,
    "residuals_mean": -2.870303175872102e-16,
    "residuals_std": 5.776389593858934,
    "residuals_skew": -1.4544899590007554
  },
  "val": {
    "mse": 149.65188390744711,
    "rmse": 12.233228678784972,
    "mae": 10.705896094787986,
    "median_ae": 10.299042771050031,
    "max_error": 63.06348671481202,
    "mape": 104182031195737.69,
    "r2": -1.4408346010752653,
    "explained_variance": -0.1540382655349437,
    "residuals_mean": -8.882328406670126,
    "residuals_std": 8.411666064669236,
    "residuals_skew": 0.5530576910211282,
    "r2_adj": -1.4425517711463738
  },
  "test": {
    "mse": 747.1083953810995,
    "rmse": 27.33328365530017,
    "mae": 26.431979764018855,
    "median_ae": 24.904684898675804,
    "max_error": 73.5948439713855,
    "mape": 1.196917254480345,
    "r2": -35.937490466830475,
    "explained_variance": -1.395834384335517,
    "residuals_mean": -26.431979764018855,
    "residuals_std": 6.96123847713876,
    "residuals_skew": -0.8897719720902909,
    "r2_adj": -35.98948371703514
  },
  "coefficients": {
    "intercept": 30.699458235905276,
    "coef": [
      0.00010451717318074661,
      -0.02188087842806226,
      -0.34435415180921897,
      0.20244259223960542,
      -0.006010522135252941,
      -0.45728786877130845,
      0.017136696959564927
    ]
  },
  "feature_names": [
    "STA",
    "Precip",
    "Snowfall",
    "MO",
    "ELEV",
    "Latitude",
    "Longitude"
  ],
  "n_features": 7,
  "n_samples": {
    "train": 34855,
    "val": 9958,
    "test": 4981
  }
}