{
  "model_name": "ridge",
  "params": {
    "alpha": 1.0,
    "fit_intercept": true,
    "positive": false,
    "max_iter": 1000,
    "tol": 0.0001,
    "solver": "auto"
  },
  "train": {
    "mse": 4.115907294614336,
    "rmse": 2.028769896911509,
    "mae": 1.4850543944593664,
    "median_ae": 1.2235853941575616,
    "max_error": 49.01886419283507,
    "mape": 16478009342911.477,
    "r2": 0.9511478753582764,
    "explained_variance": 0.9511478753582764,
    "residuals_mean": -9.10133088963291e-15,
    "residuals_std": 2.028769896911509,
    "residuals_skew": -2.3692887710795376
  },
  "val": {
    "mse": 7.987974124362396,
    "rmse": 2.8263004306623873,
    "mae": 2.4149212530835658,
    "median_ae": 2.3640039938417523,
    "max_error": 46.65303362820043,
    "mape": 19420515153487.473,
    "r2": 0.8760492591177559,
    "explained_variance": 0.9109288513254534,
    "residuals_mean": -1.499268652323295,
    "residuals_std": 2.3958646941184063,
    "residuals_skew": 0.3689029100548045,
    "r2_adj": 0.8759833804353843
  },
  "test": {
    "mse": 19.43371746756017,
    "rmse": 4.408369025791758,
    "mae": 4.015288911477426,
    "median_ae": 4.255016194725751,
    "max_error": 50.88435605604472,
    "mape": 0.17058079621076283,
    "r2": 0.10740436569618883,
    "explained_variance": 0.8260899409969586,
    "residuals_mean": -3.9556697595406565,
    "residuals_std": 1.9458659308944526,
    "residuals_skew": -1.2919013676925177,
    "r2_adj": 0.10645504835047881
  },
  "coefficients": {
    "intercept": 6.333424604514537,
    "coef": [
      2.994584379018429e-05,
      -0.0277976478752368,
      0.9488162725920198,
      -0.04701423453125451,
      -0.04374128609812899,
      0.0007670023759803937,
      -0.03338698767979926,
      0.0067960361645723255
    ]
  },
  "feature_names": [
    "STA",
    "Precip",
    "MinTemp",
    "Snowfall",
    "MO",
    "ELEV",
    "Latitude",
    "Longitude"
  ],
  "n_features": 8,
  "n_samples": {
    "train": 52713,
    "val": 15061,
    "test": 7531
  }
}