{
  "model_name": "ridge",
  "params": {
    "alpha": 1.0,
    "fit_intercept": true,
    "positive": false,
    "max_iter": 1000,
    "tol": 0.0001,
    "solver": "auto"
  },
  "train": {
    "mse": 0.19498353525004317,
    "rmse": 0.4415694002646052,
    "mae": 0.17715671577087755,
    "median_ae": 0.16151332065466306,
    "max_error": 23.417147463840955,
    "mape": 1767376703742.0413,
    "r2": 0.9975565839277519,
    "explained_variance": 0.9975565839277519,
    "residuals_mean": 8.736884633438246e-15,
    "residuals_std": 0.4415694002646052,
    "residuals_skew": -25.81485233828002
  },
  "val": {
    "mse": 0.3360599448993275,
    "rmse": 0.5797067749296427,
    "mae": 0.20141972047001355,
    "median_ae": 0.14936607234851706,
    "max_error": 44.08257437927921,
    "mape": 1514843451875.3445,
    "r2": 0.9946394694493043,
    "explained_variance": 0.9946699650526671,
    "residuals_mean": 0.04372432395866408,
    "residuals_std": 0.5780554717271391,
    "residuals_skew": -42.14943883559182,
    "r2_adj": 0.9946365951701887
  },
  "test": {
    "mse": 0.37655743171733275,
    "rmse": 0.6136427557767897,
    "mae": 0.23358206356396533,
    "median_ae": 0.17029676432591145,
    "max_error": 45.08044550221858,
    "mape": 0.01028591132865794,
    "r2": 0.9822142730769097,
    "explained_variance": 0.9832856645267903,
    "residuals_mean": 0.1506100281601229,
    "residuals_std": 0.5948731386900401,
    "residuals_skew": -57.3176315602573,
    "r2_adj": 0.9821951896789235
  },
  "coefficients": {
    "intercept": -0.25636982817815834,
    "coef": [
      -5.96674248054782e-07,
      0.0011627804126842112,
      0.5138716413164196,
      0.48992505203788855,
      0.0022619092723863807,
      0.0004438638514439813,
      6.115934586818818e-06,
      0.00210642742051515,
      -0.00025458880119416845
    ]
  },
  "feature_names": [
    "STA",
    "Precip",
    "MaxTemp",
    "MinTemp",
    "Snowfall",
    "MO",
    "ELEV",
    "Latitude",
    "Longitude"
  ],
  "n_features": 9,
  "n_samples": {
    "train": 58783,
    "val": 16795,
    "test": 8398
  }
}